date,open,high,low,close,volume,target_class,target_pred
2014-07-09,16916.830078125,17120.33984375,16805.380859375,17060.6796875,357930000,1,0
2014-07-16,17061.91015625,17151.560546875,16966.189453125,17113.5390625,468820000,0,0
2014-07-23,17117.009765625,17121.05078125,16877.720703125,16912.109375,349290000,0,1
2014-07-30,16920.109375,16983.939453125,16369.5498046875,16429.470703125,417170000,1,1
2014-08-06,16425.099609375,16627.990234375,16333.7802734375,16560.5390625,369780000,1,0
2014-08-13,16567.5390625,16929.130859375,16567.5390625,16919.58984375,380460000,1,1
2014-08-20,16910.029296875,17153.80078125,16896.55078125,17106.69921875,299560000,0,1
2014-08-27,17111.029296875,17134.599609375,17009.0703125,17067.560546875,259870000,0,1
2014-09-03,17067.240234375,17161.55078125,16993.2890625,17013.869140625,342190000,1,0
2014-09-10,17016.05078125,17167.05078125,16937.669921875,17131.970703125,368190000,0,0
2014-09-17,17131.009765625,17350.640625,17055.869140625,17055.869140625,674120000,0,0
2014-09-24,17056.640625,17226.599609375,16934.4296875,17042.900390625,421230000,0,0
2014-10-01,17040.4609375,17099.390625,16674.0390625,16719.390625,1002540000,0,1
2014-10-08,16718.650390625,17006.91015625,16273.6396484375,16315.1904296875,554750000,1,1
2014-10-15,16313.2998046875,16620.779296875,15855.1201171875,16614.810546875,629390000,1,1
2014-10-22,16615.259765625,17006.44921875,16459.849609375,17005.75,438320000,1,0
2014-10-29,17005.0703125,17410.650390625,16895.380859375,17383.83984375,439660000,1,0
2014-11-05,17385.759765625,17638.2109375,17385.759765625,17614.900390625,353870000,1,0
2014-11-12,17604.75,17735.7109375,17536.169921875,17687.8203125,387120000,1,0
2014-11-19,17685.509765625,17894.830078125,17603.890625,17814.939453125,466160000,1,0
2014-11-26,17812.25,17897.05078125,17726.55078125,17879.55078125,316280000,0,0
2014-12-03,17880.900390625,17991.189453125,17629.5703125,17801.19921875,443860000,0,0
2014-12-10,17797.990234375,17797.990234375,17067.58984375,17068.869140625,557840000,1,0
2014-12-17,17069.16015625,18069.220703125,17069.16015625,18024.169921875,767200000,0,0
2014-12-24,18035.73046875,18103.44921875,17959.69921875,17983.0703125,196800000,0,0
2014-12-31,17987.66015625,18043.220703125,17262.369140625,17371.640625,377140000,1,0
2015-01-07,17374.779296875,17923.009765625,17374.779296875,17613.6796875,491170000,0,0
2015-01-14,17609.060546875,17609.060546875,17243.55078125,17515.23046875,463780000,0,0
2015-01-21,17509.9609375,17840.890625,17288.310546875,17387.2109375,527780000,1,0
2015-01-28,17402.91015625,17670.759765625,17037.759765625,17666.400390625,617180000,1,1
2015-02-04,17664.990234375,17951.08984375,17603.2109375,17868.759765625,447580000,1,0
2015-02-11,17867.859375,18052.009765625,17759.650390625,18047.580078125,391040000,1,0
2015-02-18,18045.720703125,18231.08984375,17878.369140625,18209.189453125,428590000,0,0
2015-02-25,18208.669921875,18288.630859375,18122.58984375,18203.369140625,436710000,0,0
2015-03-04,18203.369140625,18203.369140625,17662.939453125,17662.939453125,476360000,1,0
2015-03-11,17662.939453125,17988.5,17620.490234375,17849.080078125,511610000,1,0
2015-03-18,17846.80078125,18205.9296875,17697.51953125,18011.140625,757860000,0,0
2015-03-25,18012.609375,18041.970703125,17579.26953125,17776.119140625,551030000,1,0
2015-04-01,17778.51953125,17983.119140625,17585.009765625,17875.419921875,363730000,1,0
2015-04-08,17877.619140625,18107.5703125,17822.23046875,18036.69921875,482890000,0,0
2015-04-15,18045.7109375,18169.259765625,17748.529296875,17949.58984375,540330000,1,0
2015-04-22,17950.8203125,18175.560546875,17887.759765625,18110.140625,556670000,0,0
2015-04-29,18093.689453125,18133.759765625,17774.890625,17928.19921875,504310000,1,0
2015-05-06,17934.810546875,18205.23046875,17733.119140625,18068.23046875,451630000,1,0
2015-05-13,18070.369140625,18351.359375,18039.19921875,18312.390625,451260000,0,0
2015-05-20,18315.060546875,18350.130859375,17990.01953125,18041.5390625,352790000,0,0
2015-05-27,18045.080078125,18190.349609375,17925.330078125,18011.939453125,466910000,0,0
2015-06-03,18018.419921875,18168.08984375,17714.970703125,17764.0390625,432580000,1,0
2015-06-10,17765.380859375,18109.76953125,17698.419921875,17904.48046875,439660000,1,0
2015-06-17,17909.580078125,18188.810546875,17839.650390625,18144.0703125,598920000,0,1
2015-06-24,18139.099609375,18139.099609375,17576.5,17619.509765625,584890000,1,1
2015-07-01,17638.119140625,17825.490234375,17465.6796875,17776.91015625,366060000,1,0
2015-07-08,17759.009765625,18072.8203125,17496.220703125,18053.580078125,419270000,0,0
2015-07-15,18053.380859375,18137.119140625,17868.33984375,17919.2890625,447230000,0,0
2015-07-22,17918.349609375,17919.349609375,17399.169921875,17630.26953125,525750000,0,0
2015-07-29,17631.400390625,17783.58984375,17496.609375,17550.689453125,462850000,0,0
2015-08-05,17555.240234375,17661.369140625,17279.080078125,17402.83984375,475860000,1,0
2015-08-12,17382.9296875,17568.400390625,17125.810546875,17511.33984375,444350000,0,0
2015-08-19,17508.740234375,17517.189453125,15370.330078125,15666.4404296875,965560000,1,1
2015-08-26,15676.259765625,16669.970703125,15676.259765625,16058.349609375,825020000,1,1
2015-09-02,16058.349609375,16550.0703125,16026.6103515625,16492.6796875,494350000,1,0
2015-09-09,16505.0390625,16664.650390625,16212.080078125,16599.849609375,531820000,0,0
2015-09-16,16599.509765625,16933.4296875,16221.73046875,16330.4697265625,780650000,0,1
2015-09-23,16332.8095703125,16465.23046875,15942.3701171875,16049.1298828125,600130000,1,1
2015-09-30,16057.080078125,16865.08984375,16013.66015625,16790.189453125,641700000,1,1
2015-10-07,16805.419921875,17172.810546875,16765.0,17081.890625,492050000,1,0
2015-10-14,17079.080078125,17264.880859375,16887.669921875,17217.109375,614050000,1,1
2015-10-21,17225.9296875,17679.369140625,17153.130859375,17581.4296875,648230000,1,1
2015-10-28,17586.689453125,17977.849609375,17556.7109375,17918.150390625,548310000,0,0
2015-11-04,17929.580078125,17964.119140625,17657.720703125,17758.2109375,536100000,0,0
2015-11-11,17769.5,17807.1796875,17210.4296875,17489.5,648310000,1,1
2015-11-18,17485.490234375,17914.33984375,17485.490234375,17812.189453125,636430000,1,1
2015-11-25,17820.810546875,17895.5,17719.720703125,17888.349609375,424520000,0,0
2015-12-02,17883.140625,17901.580078125,17425.560546875,17568.0,580890000,0,1
2015-12-09,17558.1796875,17767.689453125,17138.470703125,17524.91015625,629810000,0,1
2015-12-16,17530.849609375,17796.759765625,17116.73046875,17417.26953125,790610000,1,0
2015-12-23,17427.630859375,17750.01953125,17427.630859375,17720.98046875,262800000,0,1
2015-12-30,17711.939453125,17714.130859375,16957.630859375,17158.66015625,407260000,0,0
2016-01-06,17154.830078125,17154.830078125,16232.0302734375,16516.220703125,683610000,0,1
2016-01-13,16526.630859375,16593.509765625,15842.1103515625,16016.01953125,695930000,1,1
2016-01-20,15989.4501953125,16185.7900390625,15450.5595703125,16167.23046875,724320000,0,1
2016-01-27,16168.740234375,16510.98046875,15863.7197265625,16153.5400390625,727070000,0,1
2016-02-03,16186.2001953125,16485.83984375,15803.5498046875,16014.3798828125,705990000,1,1
2016-02-10,16035.6103515625,16201.8896484375,15503.009765625,16196.41015625,568940000,1,1
2016-02-17,16217.98046875,16664.240234375,16217.98046875,16431.779296875,563780000,1,1
2016-02-24,16418.83984375,16865.560546875,16165.8603515625,16865.080078125,517490000,1,0
2016-03-02,16851.169921875,17099.25,16766.3203125,16964.099609375,511160000,1,0
2016-03-09,16969.169921875,17275.0703125,16821.859375,17251.529296875,546860000,1,0
2016-03-16,17249.33984375,17648.939453125,17204.0703125,17582.5703125,737790000,1,0
2016-03-23,17588.810546875,17642.810546875,17399.009765625,17633.109375,324960000,0,0
2016-03-30,17652.359375,17811.48046875,17568.01953125,17603.3203125,487280000,1,0
2016-04-06,17605.44921875,17744.4296875,17484.23046875,17721.25,457640000,1,0
2016-04-13,17741.66015625,18103.4609375,17741.66015625,18053.599609375,473590000,0,0
2016-04-20,18059.490234375,18167.630859375,17855.55078125,17990.3203125,513390000,0,0
2016-04-27,17996.140625,18084.66015625,17651.98046875,17750.91015625,523840000,1,0
2016-05-04,17735.01953125,17934.609375,17580.380859375,17928.349609375,417950000,0,0
2016-05-11,17919.029296875,17919.029296875,17469.919921875,17529.98046875,454290000,1,0
2016-05-18,17501.279296875,17742.58984375,17331.0703125,17706.05078125,460910000,1,0
2016-05-25,17735.08984375,17899.240234375,17724.029296875,17787.19921875,368700000,1,0
2016-06-01,17754.55078125,18003.23046875,17664.7890625,17938.279296875,386980000,0,0
2016-06-08,17931.91015625,18016.0,17595.7890625,17674.8203125,426920000,1,0
2016-06-15,17703.650390625,17946.359375,17471.2890625,17829.73046875,619270000,0,1
2016-06-22,17832.669921875,18011.0703125,17063.080078125,17409.720703125,677440000,1,0
2016-06-29,17456.01953125,18002.380859375,17456.01953125,17840.619140625,425220000,1,0
2016-07-06,17807.470703125,18371.94921875,17713.44921875,18347.669921875,439080000,1,0
2016-07-13,18356.779296875,18562.529296875,18315.759765625,18559.009765625,453040000,0,0
2016-07-20,18582.69921875,18622.009765625,18387.220703125,18473.75,429920000,0,0
2016-07-27,18473.26953125,18542.390625,18247.7890625,18313.76953125,481820000,1,0
2016-08-03,18313.080078125,18585.3203125,18283.23046875,18533.05078125,367370000,1,0
2016-08-10,18541.48046875,18722.609375,18468.779296875,18552.01953125,325750000,0,0
2016-08-17,18537.08984375,18631.599609375,18466.859375,18547.30078125,382350000,0,0
2016-08-24,18537.5,18572.08984375,18335.33984375,18454.30078125,348880000,1,0
2016-08-31,18436.69921875,18551.5390625,18295.48046875,18538.119140625,331090000,0,0
2016-09-07,18527.7109375,18536.890625,17994.83984375,18066.75,473390000,1,0
2016-09-14,18073.390625,18254.880859375,17992.2109375,18129.9609375,631960000,1,1
2016-09-21,18164.9609375,18449.880859375,18052.16015625,18228.30078125,433930000,0,0
2016-09-28,18240.220703125,18369.619140625,18091.640625,18168.44921875,477230000,0,0
2016-10-05,18205.5,18399.9609375,18061.9609375,18128.66015625,398250000,1,0
2016-10-12,18132.630859375,18261.109375,17959.94921875,18161.939453125,393000000,1,0
2016-10-19,18178.2109375,18275.0390625,18049.76953125,18169.26953125,466410000,0,0
2016-10-26,18103.80078125,18257.060546875,17940.83984375,18037.099609375,489080000,1,0
2016-11-02,18017.720703125,18400.5,17883.560546875,18332.740234375,437500000,1,0
2016-11-09,18317.259765625,18934.05078125,18252.55078125,18923.060546875,657710000,1,1
2016-11-16,18909.849609375,19043.900390625,18825.890625,19023.869140625,452970000,1,0
2016-11-23,19015.51953125,19152.140625,19000.380859375,19121.599609375,293740000,1,1
2016-11-30,19135.640625,19274.849609375,19123.380859375,19251.779296875,961050000,1,1
2016-12-07,19241.990234375,19953.75,19229.830078125,19911.2109375,1766320000,1,0
2016-12-14,19876.130859375,19987.630859375,19748.669921875,19974.619140625,1925640000,0,0
2016-12-21,19968.970703125,19986.560546875,19882.189453125,19945.0390625,831730000,0,0
2016-12-28,19964.310546875,19981.109375,19718.669921875,19881.759765625,971480000,0,1
2017-01-04,19890.939453125,19999.630859375,19811.119140625,19855.529296875,1414550000,0,0
2017-01-11,19887.380859375,19973.419921875,19770.470703125,19826.76953125,1248120000,1,0
2017-01-18,19822.73046875,19949.240234375,19677.939453125,19912.7109375,1717920000,0,0
2017-01-25,19994.48046875,20125.580078125,19784.76953125,19864.08984375,1763130000,1,0
2017-02-01,19923.810546875,20155.349609375,19831.08984375,20090.2890625,1679500000,1,0
2017-02-08,20049.2890625,20504.41015625,20015.330078125,20504.41015625,1589150000,1,0
2017-02-15,20504.26953125,20757.640625,20496.029296875,20743.0,1416000000,1,0
2017-02-22,20715.41015625,20851.330078125,20692.390625,20812.240234375,1500930000,1,0
2017-03-01,20957.2890625,21169.109375,20901.259765625,20924.759765625,1508400000,0,0
2017-03-08,20940.439453125,20951.439453125,20777.16015625,20837.369140625,1424250000,0,0
2017-03-15,20874.779296875,21000.109375,20653.259765625,20668.009765625,1729160000,1,0
2017-03-22,20640.419921875,20757.890625,20412.80078125,20701.5,1467170000,0,0
2017-03-29,20675.75,20753.779296875,20517.8203125,20689.240234375,1336050000,0,0
2017-04-05,20745.060546875,20887.5,20512.560546875,20651.30078125,1242030000,0,0
2017-04-12,20637.94921875,20644.41015625,20453.25,20523.279296875,995900000,1,1
2017-04-19,20503.51953125,21026.970703125,20379.55078125,20996.119140625,1667410000,0,0
2017-04-26,21009.94921875,21070.900390625,20898.380859375,20949.890625,1591200000,1,0
2017-05-03,20915.0,21046.849609375,20847.94921875,20975.779296875,1395750000,1,0
2017-05-10,20958.490234375,21033.529296875,20798.900390625,20979.75,1484270000,0,0
2017-05-17,20846.169921875,20961.140625,20553.44921875,20937.91015625,1732040000,1,0
2017-05-24,20949.2109375,21112.3203125,20933.580078125,21029.470703125,1002960000,1,1
2017-05-31,21048.4609375,21225.0390625,20942.5703125,21136.23046875,1531350000,1,0
2017-06-07,21171.5703125,21332.76953125,21113.310546875,21328.470703125,1852520000,1,0
2017-06-14,21342.7109375,21535.029296875,21261.869140625,21467.140625,1815150000,0,0
2017-06-21,21466.390625,21506.2109375,21310.66015625,21310.66015625,1465630000,1,0
2017-06-28,21372.359375,21562.75,21197.080078125,21479.26953125,1108330000,0,0
2017-07-05,21492.830078125,21505.359375,21279.30078125,21409.0703125,1354290000,1,0
2017-07-12,21467.9296875,21681.529296875,21467.9296875,21574.73046875,1231620000,1,0
2017-07-19,21569.25,21670.619140625,21496.130859375,21613.4296875,1518200000,1,0
2017-07-26,21690.380859375,21990.9609375,21683.2890625,21963.919921875,1607210000,1,0
2017-08-02,22004.359375,22179.109375,21967.4609375,22085.33984375,1344200000,0,0
2017-08-09,22022.33984375,22057.189453125,21842.740234375,21998.990234375,1323000000,0,0
2017-08-16,22031.9296875,22085.7109375,21600.33984375,21899.890625,1407880000,0,0
2017-08-23,21850.26953125,21906.859375,21673.580078125,21865.369140625,1126940000,0,0
2017-08-30,21859.759765625,22038.970703125,21709.630859375,21753.310546875,1208710000,1,0
2017-09-06,21815.759765625,22134.5703125,21731.119140625,22118.859375,1619320000,1,0
2017-09-13,22103.470703125,22386.009765625,22095.7890625,22370.80078125,1715520000,0,0
2017-09-20,22351.380859375,22419.509765625,22219.109375,22284.3203125,1537510000,1,0
2017-09-27,22330.9296875,22646.3203125,22254.9296875,22641.669921875,1388060000,1,0
2017-10-04,22645.669921875,22850.509765625,22632.80078125,22830.6796875,1333620000,1,0
2017-10-11,22827.650390625,23002.19921875,22821.130859375,22997.439453125,1387620000,1,0
2017-10-18,23087.130859375,23485.25,23052.669921875,23441.759765625,1960330000,0,0
2017-10-25,23431.08984375,23459.83984375,23251.109375,23377.240234375,2113980000,1,0
2017-11-01,23442.900390625,23602.119140625,23350.98046875,23557.23046875,1631820000,0,0
2017-11-08,23542.599609375,23575.0,23271.5703125,23409.470703125,1973980000,1,0
2017-11-15,23334.58984375,23617.80078125,23242.75,23590.830078125,1837300000,1,0
2017-11-22,23597.240234375,23849.609375,23507.609375,23836.7109375,1002930000,1,1
2017-11-29,23883.259765625,24534.0390625,23872.58984375,24180.640625,2102960000,1,0
2017-12-06,24171.900390625,24552.970703125,24101.240234375,24504.80078125,1568170000,1,0
2017-12-13,24525.189453125,24876.0703125,24508.66015625,24754.75,1966010000,0,0
2017-12-20,24838.08984375,24852.439453125,24697.109375,24746.2109375,1144750000,1,0
2017-12-27,24766.51953125,24871.66015625,24719.220703125,24824.009765625,1038740000,1,0
2018-01-03,24850.44921875,25439.779296875,24825.55078125,25385.80078125,1892970000,1,0
2018-01-10,25348.130859375,26086.119140625,25256.990234375,25792.859375,1671210000,1,0
2018-01-17,25910.779296875,26246.189453125,25865.01953125,26210.810546875,2465190000,0,0
2018-01-24,26282.0703125,26616.7109375,26028.419921875,26076.890625,2267290000,0,0
2018-01-31,26268.169921875,26338.029296875,23778.740234375,24912.76953125,2951020000,0,0
2018-02-07,24892.869140625,25293.9609375,23360.2890625,24640.44921875,2768170000,1,0
2018-02-14,24535.8203125,25432.419921875,24490.359375,24964.75,1676180000,1,0
2018-02-21,24988.060546875,25800.349609375,24792.990234375,25410.029296875,2082140000,0,0
2018-02-28,25485.150390625,25576.150390625,24217.759765625,24884.119140625,2110960000,1,0
2018-03-07,24758.150390625,25449.150390625,24535.119140625,25007.029296875,1903400000,0,0
2018-03-14,25086.970703125,25130.119140625,24453.140625,24727.26953125,2047880000,0,0
2018-03-21,24723.490234375,24977.650390625,23509.060546875,23857.7109375,2269080000,1,0
2018-03-28,23883.080078125,24314.30078125,23344.51953125,24033.359375,1897540000,1,0
2018-04-04,23654.150390625,24622.259765625,23523.16015625,24408.0,1881700000,1,0
2018-04-11,24274.189453125,24858.970703125,24150.869140625,24786.630859375,1601860000,0,0
2018-04-18,24820.849609375,24832.5390625,23828.73046875,24024.130859375,2040120000,1,0
2018-04-25,24070.19921875,24498.23046875,23808.189453125,24099.05078125,2016990000,1,0
2018-05-02,24097.630859375,24479.44921875,23531.310546875,24360.2109375,1756680000,1,0
2018-05-09,24399.1796875,24994.189453125,24323.869140625,24706.41015625,1524700000,1,0
2018-05-16,24722.3203125,25086.490234375,24639.400390625,24834.41015625,1462280000,0,0
2018-05-23,24757.7109375,24889.4609375,24247.83984375,24361.44921875,1399680000,1,0
2018-05-30,24467.830078125,24859.369140625,24352.150390625,24799.98046875,1717060000,1,0
2018-06-06,24854.140625,25402.830078125,24854.140625,25320.73046875,1533770000,0,0
2018-06-13,25328.650390625,25362.0703125,24567.75,24700.2109375,2043690000,0,0
2018-06-20,24771.169921875,24804.759765625,24084.390625,24283.109375,1923320000,0,0
2018-06-27,24303.109375,24569.01953125,23997.2109375,24174.8203125,1352950000,1,0
2018-07-04,24285.8203125,24945.380859375,24177.439453125,24919.66015625,932740000,1,1
2018-07-11,24789.48046875,25155.390625,24663.8203125,25119.890625,1207760000,1,0
2018-07-18,25133.7890625,25286.619140625,24983.330078125,25241.939453125,1316470000,1,0
2018-07-25,25183.69921875,25587.240234375,25113.55078125,25415.189453125,1546460000,1,0
2018-08-01,25461.630859375,25692.720703125,25120.0703125,25628.91015625,1341500000,0,0
2018-08-08,25615.720703125,25634.109375,25153.9296875,25299.919921875,1106420000,1,0
2018-08-15,25235.369140625,25888.8203125,24965.76953125,25822.2890625,1412590000,1,0
2018-08-22,25825.060546875,26122.240234375,25608.01953125,26064.01953125,1046060000,0,0
2018-08-29,26082.529296875,26167.939453125,25805.94921875,25952.48046875,983440000,1,1
2018-09-05,25919.83984375,26073.6796875,25754.3203125,25971.060546875,1351070000,1,0
2018-09-12,25989.0703125,26317.33984375,25929.4296875,26246.9609375,1245440000,1,0
2018-09-19,26287.83984375,26769.16015625,26280.759765625,26492.2109375,1658390000,1,0
2018-09-26,26536.859375,26824.779296875,26349.33984375,26773.939453125,1249610000,0,0
2018-10-03,26833.470703125,26951.810546875,26223.08984375,26430.5703125,1392410000,0,0
2018-10-10,26441.73046875,26487.869140625,24899.76953125,25798.419921875,1951710000,0,0
2018-10-17,25705.869140625,25810.08984375,24768.7890625,25191.4296875,1728410000,0,0
2018-10-24,25172.880859375,25306.23046875,24122.23046875,24874.640625,2355280000,1,0
2018-10-31,25008.8203125,25651.859375,25008.8203125,25635.009765625,1862570000,0,0
2018-11-07,25788.4609375,26277.8203125,25193.779296875,25286.490234375,1668480000,0,0
2018-11-14,25388.080078125,25510.23046875,24368.98046875,24465.640625,1935460000,1,0
2018-11-21,24541.650390625,24750.73046875,24268.740234375,24748.73046875,1059840000,1,0
2018-11-28,24832.83984375,25980.2109375,24832.83984375,25027.0703125,1956900000,0,0
2018-12-05,24737.419921875,25095.619140625,23881.369140625,24370.240234375,1602570000,0,0
2018-12-12,24509.08984375,24828.2890625,23456.880859375,23675.640625,1936050000,0,0
2018-12-19,23693.330078125,24057.33984375,21792.19921875,21792.19921875,2289180000,1,0
2018-12-26,21857.73046875,23381.880859375,21712.529296875,23327.4609375,1466360000,1,0
2019-01-02,23058.609375,23864.650390625,22638.41015625,23787.44921875,1793450000,1,0
2019-01-09,23844.26953125,24099.140625,23703.16015625,24065.58984375,1494500000,1,0
2019-01-16,24139.91015625,24750.220703125,24088.900390625,24404.48046875,1302870000,1,0
2019-01-23,24577.25,24860.150390625,24307.169921875,24579.9609375,1693700000,1,0
2019-01-30,24826.51953125,25427.3203125,24790.900390625,25411.51953125,1885960000,1,0
2019-02-06,25371.5703125,25458.98046875,24883.0390625,25425.759765625,1311070000,1,0
2019-02-13,25480.859375,25961.439453125,25308.08984375,25891.3203125,1185490000,1,0
2019-02-20,25872.259765625,26241.419921875,25762.2109375,26057.98046875,1362800000,0,0
2019-02-27,25995.599609375,26155.98046875,25611.55078125,25806.630859375,1431560000,0,0
2019-03-06,25818.759765625,25837.609375,25208.0,25554.66015625,1443410000,1,0
2019-03-13,25637.23046875,26109.6796875,25571.310546875,25887.380859375,1896530000,0,0
2019-03-20,25867.7890625,26009.900390625,25372.259765625,25657.73046875,1651970000,1,0
2019-03-27,25676.33984375,26280.900390625,25425.26953125,26179.130859375,1354640000,0,0
2019-04-03,26238.029296875,26487.5703125,26103.140625,26150.580078125,1208360000,1,0
2019-04-10,26173.7109375,26530.7109375,26062.58984375,26452.66015625,1337680000,1,0
2019-04-17,26468.529296875,26695.9609375,26391.859375,26656.390625,1244890000,0,0
2019-04-24,26652.560546875,26680.580078125,26310.279296875,26592.91015625,1517160000,0,0
2019-05-01,26639.060546875,26689.390625,25789.7109375,25965.08984375,1458340000,0,0
2019-05-08,25933.7890625,26118.099609375,25222.509765625,25532.05078125,1558570000,1,0
2019-05-15,25400.130859375,25957.630859375,25341.939453125,25877.330078125,1415870000,0,0
2019-05-22,25818.4609375,25878.2109375,25328.08984375,25347.76953125,1119050000,0,0
2019-05-29,25231.4609375,25343.76953125,24680.5703125,25332.1796875,1416330000,1,0
2019-06-05,25451.0,26248.669921875,25373.580078125,26048.509765625,1276510000,1,0
2019-06-12,26040.30078125,26527.189453125,25958.66015625,26465.5390625,1118100000,1,0
2019-06-19,26490.16015625,26907.369140625,26415.05078125,26548.220703125,1519230000,1,0
2019-06-26,26599.419921875,26890.640625,26465.3203125,26786.6796875,1507560000,0,0
2019-07-03,26832.3203125,26966.0,26665.5703125,26783.490234375,774630000,1,0
2019-07-10,26851.9609375,27398.6796875,26813.109375,27335.630859375,1134410000,1,0
2019-07-17,27320.91015625,27368.810546875,27068.7890625,27349.189453125,1162850000,0,0
2019-07-24,27262.240234375,27298.4296875,27062.48046875,27198.01953125,1263490000,0,0
2019-07-31,27244.669921875,27281.650390625,25523.380859375,26029.51953125,1839510000,1,0
2019-08-07,25814.220703125,26426.970703125,25440.390625,26279.91015625,1375870000,0,0
2019-08-14,26035.080078125,26222.3203125,25339.599609375,25962.439453125,1451800000,0,0
2019-08-21,26145.359375,26388.779296875,25507.1796875,25777.900390625,1282170000,1,0
2019-08-28,25712.990234375,26514.619140625,25637.4296875,26118.01953125,855090000,1,1
2019-09-04,26301.990234375,26909.4296875,26244.439453125,26909.4296875,1264540000,1,0
2019-09-11,26928.05078125,27306.73046875,26885.48046875,27110.80078125,1222060000,0,0
2019-09-18,27075.390625,27272.169921875,26704.9609375,26807.76953125,1428850000,0,0
2019-09-25,26866.7109375,27046.2109375,26562.220703125,26573.0390625,1166970000,0,0
2019-10-02,26425.859375,26655.83984375,25743.4609375,26164.0390625,1212350000,1,0
2019-10-09,26308.23046875,27120.109375,26249.75,27024.80078125,1113950000,0,0
2019-10-16,26972.310546875,27112.16015625,26747.619140625,26788.099609375,1232710000,1,0
2019-10-23,26835.240234375,27167.880859375,26714.33984375,27071.4609375,1336260000,1,0
2019-10-30,27110.7109375,27560.359375,26918.2890625,27492.630859375,1335830000,1,0
2019-11-06,27502.740234375,27774.669921875,27407.810546875,27691.490234375,1134390000,1,0
2019-11-13,27622.0390625,28090.2109375,27587.19921875,27934.01953125,1364290000,1,0
2019-11-20,27879.55078125,28146.01953125,27675.279296875,28121.6796875,1277410000,0,0
2019-11-27,28156.470703125,28174.970703125,27325.130859375,27502.810546875,830800000,1,0
2019-12-04,27634.630859375,28035.849609375,27562.80078125,27881.720703125,1080360000,1,0
2019-12-11,27867.310546875,28337.490234375,27801.80078125,28267.16015625,1315450000,1,0
2019-12-18,28291.439453125,28608.640625,28239.279296875,28515.44921875,1465920000,1,0
2019-12-25,28539.4609375,28701.66015625,28376.490234375,28538.439453125,713190000,1,1
2020-01-01,28638.970703125,28872.80078125,28418.630859375,28583.6796875,1003070000,1,1
2020-01-08,28556.140625,29054.16015625,28522.509765625,28939.669921875,1341910000,1,0
2020-01-15,28901.80078125,29373.619140625,28897.349609375,29196.0390625,1154840000,0,0
2020-01-22,29263.630859375,29320.19921875,28440.470703125,28722.849609375,1637920000,1,0
2020-01-29,28820.529296875,28944.240234375,28169.529296875,28807.630859375,1673690000,1,0
2020-02-05,29048.73046875,29415.390625,28995.66015625,29276.33984375,1404150000,0,0
2020-02-12,29406.75,29568.5703125,29116.810546875,29232.189453125,1088280000,0,0
2020-02-19,29312.69921875,29409.08984375,26997.619140625,27081.359375,1805480000,0,0
2020-02-26,27159.4609375,27542.779296875,24681.009765625,25917.41015625,3337700000,0,0
2020-03-04,26383.6796875,27102.33984375,23690.33984375,25018.16015625,2940030000,0,0
2020-03-11,24604.630859375,24604.630859375,19882.259765625,21237.380859375,3978490000,0,0
2020-03-18,20188.689453125,20737.69921875,18213.650390625,20704.91015625,4111260000,1,0
2020-03-25,21050.33984375,22595.060546875,20538.33984375,21917.16015625,3207080000,1,0
2020-04-01,21227.380859375,23617.240234375,20735.01953125,22653.859375,2691650000,1,0
2020-04-08,22893.470703125,24040.580078125,22682.990234375,23949.759765625,1919370000,0,0
2020-04-15,23600.720703125,24264.2109375,22941.880859375,23018.880859375,2343180000,1,0
2020-04-22,23437.33984375,24512.240234375,23339.599609375,24101.55078125,1907830000,0,0
2020-04-29,24490.369140625,24764.76953125,23361.16015625,23883.08984375,2086360000,0,0
2020-05-06,23978.880859375,24382.08984375,23661.140625,23764.779296875,1794980000,1,0
2020-05-13,23702.16015625,24708.5390625,22789.619140625,24206.859375,2292450000,1,0
2020-05-20,24455.939453125,25176.419921875,24294.0703125,24995.109375,1393320000,1,0
2020-05-27,25298.630859375,25758.7890625,25009.869140625,25742.650390625,2007570000,1,0
2020-06-03,25906.880859375,27580.2109375,25906.880859375,27272.30078125,2124920000,0,0
2020-06-10,27251.890625,27355.220703125,24843.1796875,26289.98046875,2561880000,0,0
2020-06-17,26330.51953125,26451.439453125,25667.6796875,26156.099609375,2068370000,0,0
2020-06-24,25992.9609375,25992.9609375,24971.029296875,25812.880859375,2264390000,1,0
2020-07-01,25879.380859375,26297.529296875,25713.609375,25890.1796875,1409820000,1,0
2020-07-08,25950.060546875,26690.51953125,25523.509765625,26642.58984375,1890040000,1,0
2020-07-15,27009.810546875,27071.330078125,26504.19921875,26840.400390625,1643010000,0,0
2020-07-22,26824.560546875,27035.240234375,26361.7109375,26379.279296875,2080330000,1,0
2020-07-29,26388.439453125,26832.720703125,25992.279296875,26828.470703125,1972900000,1,0
2020-08-05,26924.779296875,28154.880859375,26924.779296875,27686.91015625,1798190000,1,0
2020-08-12,27860.240234375,28043.890625,27668.7890625,27778.0703125,1538940000,1,0
2020-08-19,27811.259765625,28400.740234375,27526.25,28248.439453125,1711030000,1,0
2020-08-26,28257.880859375,28733.349609375,28153.91015625,28645.66015625,2041880000,0,0
2020-09-02,28736.7890625,29199.349609375,27464.900390625,27500.890625,2465090000,1,0
2020-09-09,27711.7109375,28231.060546875,27447.080078125,27995.599609375,2134040000,0,0
2020-09-16,28031.689453125,28364.76953125,26715.150390625,27288.1796875,2496970000,1,0
2020-09-23,27413.599609375,27722.599609375,26537.009765625,27452.66015625,2001860000,1,0
2020-09-30,27514.640625,28354.48046875,27382.939453125,27772.759765625,1972010000,1,0
2020-10-07,27971.359375,28957.900390625,27971.359375,28679.810546875,1987340000,0,0
2020-10-14,28731.30078125,28842.900390625,28139.400390625,28308.7890625,1764800000,0,0
2020-10-21,28270.66015625,28450.640625,27370.16015625,27463.189453125,1747590000,1,0
2020-10-28,27102.140625,27640.2109375,26143.76953125,27480.029296875,2151710000,1,0
2020-11-04,27512.830078125,29933.830078125,27512.830078125,29420.919921875,2365000000,1,0
2020-11-11,29524.349609375,29964.2890625,28902.130859375,29783.349609375,1885500000,1,0
2020-11-18,29875.400390625,30116.509765625,29228.380859375,30046.240234375,1839490000,0,0
2020-11-25,30058.869140625,30083.310546875,29463.640625,29823.919921875,1480930000,1,0
2020-12-02,29695.08984375,30246.220703125,29599.2890625,30173.880859375,1824550000,1,0
2020-12-09,30229.810546875,30325.7890625,29820.83984375,30199.310546875,1889690000,0,0
2020-12-16,30191.380859375,30343.58984375,29755.529296875,30015.509765625,2298480000,1,0
2020-12-23,30046.73046875,30588.7890625,30046.73046875,30335.669921875,1079720000,1,0
2020-12-30,30415.08984375,30674.279296875,29881.8203125,30391.599609375,1402350000,1,0
2021-01-06,30362.779296875,31193.400390625,30313.0703125,31068.689453125,2028550000,0,0
2021-01-13,31084.880859375,31223.779296875,30612.669921875,30930.51953125,1660460000,1,0
2021-01-20,31017.5390625,31272.220703125,30564.060546875,30937.0390625,2085840000,0,0
2021-01-27,30893.779296875,30951.41015625,29856.30078125,30687.48046875,2248150000,1,0
2021-02-03,30689.650390625,31439.470703125,30521.310546875,31375.830078125,1567930000,1,0
2021-02-10,31428.01953125,31608.630859375,31221.3203125,31522.75,1199070000,1,0
2021-02-17,31485.609375,31653.48046875,31158.759765625,31537.349609375,1870190000,0,0
2021-02-24,31499.75,32009.640625,30911.369140625,31391.51953125,2119450000,1,0
2021-03-03,31352.9609375,32150.3203125,30547.529296875,31832.740234375,2404990000,1,0
2021-03-10,31906.9609375,32973.3984375,31906.9609375,32825.94921875,1901980000,0,0
2021-03-17,32825.51953125,33227.78125,32356.279296875,32423.150390625,2390910000,1,0
2021-03-24,32470.880859375,33259.0,32071.41015625,33066.9609375,1852670000,1,0
2021-03-31,33116.0390625,33617.94921875,32980.5703125,33430.23828125,1368230000,1,0
2021-04-07,33444.98046875,33810.87109375,33342.640625,33677.26953125,1545740000,1,0
2021-04-14,33668.94921875,34256.75,33668.94921875,33821.30078125,1642270000,1,0
2021-04-21,33808.30078125,34160.33984375,33713.2890625,33984.9296875,1549480000,1,0
2021-04-28,33860.4609375,34221.05859375,33744.28125,34133.03125,1816790000,1,0
2021-05-05,34163.98828125,35091.55859375,34039.66015625,34269.16015625,1646810000,0,0
2021-05-12,34206.3984375,34454.05078125,33555.21875,34060.66015625,1616900000,1,0
2021-05-19,33945.80859375,34511.3515625,33473.80078125,34312.4609375,1511760000,1,0
2021-05-26,34336.33984375,34849.3203125,34271.44140625,34575.30859375,1357960000,1,0
2021-06-02,34614.62109375,34820.91015625,34334.41015625,34599.8203125,1379800000,0,0
2021-06-09,34626.16015625,34737.7890625,34199.16015625,34299.328125,1383210000,0,0
2021-06-16,34308.48046875,34333.25,33271.9296875,33945.578125,1867150000,1,0
2021-06-23,33948.5390625,34501.01953125,33869.828125,34292.2890625,1526340000,1,0
2021-06-30,34290.73828125,34821.9296875,34245.48046875,34577.37109375,1214130000,1,0
2021-07-07,34604.171875,35018.7890625,34145.58984375,34888.7890625,1557370000,0,0
2021-07-14,34920.828125,35090.01171875,33741.76171875,34511.98828125,1815230000,1,0
2021-07-21,34556.9609375,35150.37109375,34556.9609375,35058.51953125,1509140000,1,0
2021-07-28,35109.94921875,35192.109375,34714.328125,35116.3984375,1344700000,1,0
2021-08-04,35047.44140625,35285.16015625,34790.62109375,35264.671875,1156340000,1,0
2021-08-11,35300.890625,35631.19140625,35120.30859375,35343.28125,1303190000,1,0
2021-08-18,35310.19921875,35445.46875,34690.25,35366.26171875,1367140000,0,0
2021-08-25,35388.76953125,35510.7109375,35205.1015625,35360.73046875,1300590000,0,0
2021-09-01,35387.55078125,35475.3984375,35060.8984375,35100.0,1040090000,0,0
2021-09-08,35087.44921875,35199.890625,34510.30078125,34577.5703125,1515770000,0,0
2021-09-15,34580.94921875,34943.55078125,33613.03125,33919.83984375,1899140000,1,0
2021-09-22,34006.87109375,35061.12109375,34006.87109375,34299.98828125,1503290000,1,0
2021-09-29,34360.078125,34580.421875,33785.5390625,34314.671875,1781140000,1,0
2021-10-06,34198.9609375,34975.19140625,33854.69140625,34378.33984375,1409370000,1,0
2021-10-13,34372.7109375,35462.6796875,34115.1015625,35457.30859375,1573780000,1,0
2021-10-20,35475.16015625,35892.921875,35442.53125,35756.87890625,1499560000,1,0
2021-10-27,35835.4296875,36088.80859375,35490.4296875,36052.62890625,1688370000,1,0
2021-11-03,36059.08984375,36565.73046875,35891.73046875,36319.98046875,1457200000,0,0
2021-11-10,36299.25,36346.609375,35915.26953125,36142.21875,1430840000,0,0
2021-11-17,36159.69921875,36159.69921875,35542.87109375,35813.80078125,2015560000,0,0
2021-11-24,35752.30859375,35825.46875,34424.44140625,34483.71875,1700380000,1,0
2021-12-01,34678.94140625,35819.46875,34006.98046875,35719.4296875,2294110000,0,0
2021-12-08,35716.8515625,35982.69140625,35441.73828125,35544.1796875,1983880000,0,0
2021-12-15,35549.3515625,36189.828125,34665.5,35492.69921875,2381490000,1,0
2021-12-22,35491.7109375,36527.26171875,35433.12890625,36398.2109375,1012790000,1,0
2021-12-29,36421.140625,36934.83984375,36246.44921875,36799.6484375,1415310000,0,0
2022-01-05,36722.6015625,36952.6484375,35639.91015625,36252.01953125,1991570000,0,0
2022-01-12,36336.16015625,36513.87890625,35262.01953125,35368.46875,1470280000,0,0
2022-01-19,35412.30078125,35547.828125,33150.328125,34297.73046875,2456470000,1,0
2022-01-26,34520.8203125,35441.08984375,33807.51171875,35405.23828125,2496700000,1,0
2022-02-02,35378.19140625,35679.19921875,34799.078125,35462.78125,1738540000,0,0
2022-02-09,35614.8984375,35824.28125,34304.28125,34988.83984375,1820080000,0,0
2022-02-16,34951.828125,35042.08984375,33364.2890625,33596.609375,1489300000,0,0
2022-02-23,33680.96875,34095.73828125,32272.640625,33294.94921875,2261270000,0,0
2022-03-02,33379.51171875,34179.0703125,32578.73046875,32632.640625,2221200000,1,0
2022-03-09,32860.421875,33620.83984375,32818.16015625,33544.33984375,1971380000,1,0
2022-03-16,33653.9296875,34882.03125,33391.23828125,34807.4609375,2159330000,1,0
2022-03-23,34748.83984375,35372.26171875,34352.9609375,35294.19140625,1613030000,0,0
2022-03-30,35273.62890625,35361.359375,34538.25,34641.1796875,1711700000,0,0
2022-04-06,34520.33984375,34908.4609375,34102.80859375,34220.359375,1674670000,1,0
2022-04-13,34166.640625,34983.109375,34140.640625,34911.19921875,1227770000,0,0
2022-04-20,34962.671875,35492.21875,33230.94921875,33240.1796875,1894210000,0,0
2022-04-27,33450.921875,34054.7890625,32449.869140625,33128.7890625,2206980000,0,0
2022-05-04,33171.80078125,34117.73828125,31887.890625,32160.740234375,2186060000,1,0
2022-05-11,32123.240234375,32689.140625,31228.220703125,32654.58984375,2110560000,0,0
2022-05-18,32468.669921875,32468.669921875,30635.759765625,31928.619140625,2262720000,1,0
2022-05-25,31816.310546875,33240.21875,31754.330078125,32990.12109375,1557010000,1,0
2022-06-01,33156.30859375,33272.33984375,32509.4296875,33180.140625,1493750000,0,0
2022-06-08,33087.0703125,33156.5,30144.23046875,30364.830078125,1761570000,1,0
2022-06-15,30570.5,31011.970703125,29653.2890625,30530.25,1905310000,1,0
2022-06-22,30352.5703125,31885.08984375,30166.009765625,30946.990234375,1831080000,1,0
2022-06-29,31067.41015625,31152.9609375,30355.119140625,30967.8203125,1296980000,1,0
2022-07-06,30957.30078125,31511.4609375,30794.83984375,30981.330078125,1393750000,1,0
2022-07-13,30743.630859375,31842.25,30143.9296875,31827.05078125,1627210000,0,0
2022-07-20,31829.990234375,32219.25,31534.080078125,31761.5390625,1516100000,1,0
2022-07-27,31865.05078125,32972.03125,31799.4296875,32396.169921875,1821870000,1,0
2022-08-03,32514.2109375,33109.9609375,32489.619140625,32774.41015625,1487190000,1,0
2022-08-10,33130.62890625,34281.359375,33130.62890625,34152.01171875,1470250000,0,0
2022-08-17,34029.55078125,34161.01171875,32858.890625,32909.58984375,1418700000,0,0
2022-08-24,32899.01171875,33364.69921875,31647.220703125,31790.869140625,1553250000,0,0
2022-08-31,31827.150390625,32026.900390625,31048.4609375,31145.30078125,1385640000,0,0
2022-09-07,31145.630859375,32504.0390625,31018.5390625,31104.970703125,1768580000,0,0
2022-09-14,31141.01953125,31277.689453125,30465.91015625,30706.23046875,1931260000,0,0
2022-09-21,30819.390625,31020.7890625,28958.220703125,29134.990234375,1803340000,1,0
2022-09-28,29198.919921875,30325.05078125,28715.849609375,30316.3203125,2062590000,0,0
2022-10-05,30078.359375,30454.4609375,29010.41015625,29239.189453125,1633730000,1,0
2022-10-12,29233.060546875,30837.900390625,28660.939453125,30523.80078125,1910720000,1,0
2022-10-19,30439.0390625,31876.150390625,30206.279296875,31836.740234375,1747380000,1,0
2022-10-26,31738.439453125,32975.48046875,31738.439453125,32653.19921875,2016050000,1,0
2022-11-02,32576.279296875,33355.390625,31727.05078125,33160.828125,1846880000,1,0
2022-11-09,33004.46875,33987.05859375,32478.869140625,33592.921875,2008070000,1,0
2022-11-16,33554.9296875,34115.69921875,33239.75,34098.1015625,1563750000,0,0
2022-11-23,34091.5703125,34386.51171875,33662.44921875,33852.53125,948560000,0,1
2022-11-30,33795.4296875,34595.51171875,33418.58984375,33596.33984375,1782920000,1,0
2022-12-07,33556.3984375,34712.28125,33462.6484375,34108.640625,1675530000,0,0
2022-12-14,34086.0703125,34395.6484375,32581.970703125,32849.73828125,2120090000,1,0
2022-12-21,33028.08984375,33437.83984375,32573.4296875,33241.55859375,1135720000,0,0
2022-12-28,33264.76171875,33387.51953125,32847.8203125,33136.37109375,1146750000,1,0
2023-01-04,33165.140625,33935.109375,32812.328125,33704.1015625,1674160000,1,0
2023-01-11,33754.03125,34342.3203125,33711.0390625,33910.8515625,1237000000,0,0
2023-01-18,33948.48828125,34016.53125,32948.9296875,33733.9609375,1693300000,1,0
2023-01-25,33538.359375,34164.328125,33273.2109375,34086.0390625,1814140000,1,0
2023-02-01,34039.6015625,34334.69921875,33581.421875,34156.69140625,1883200000,0,0
2023-02-08,34132.8984375,34331.46875,33591.98828125,34089.26953125,1551180000,0,0
2023-02-15,34008.62890625,34130.48828125,33115.73828125,33129.58984375,1236280000,0,0
2023-02-22,33169.328125,33272.3984375,32636.4296875,32656.69921875,1434570000,1,0
2023-03-01,32656.369140625,33572.21875,32500.7109375,32856.4609375,1538900000,0,0
2023-03-08,32872.078125,32990.4609375,31624.869140625,32155.400390625,1777250000,1,0
2023-03-15,31759.869140625,32593.6796875,31429.8203125,32560.599609375,2294350000,0,0
2023-03-22,32570.189453125,32761.890625,31805.1796875,32394.25,1518610000,1,0
2023-03-29,32566.5390625,33634.71875,32539.939453125,33402.37890625,1546480000,1,0
2023-04-05,33394.6015625,33781.2890625,33325.37109375,33684.7890625,1019690000,1,0
2023-04-12,33764.2109375,34082.94140625,33593.3203125,33976.62890625,1302350000,0,0
2023-04-19,33889.828125,33957.98046875,33525.390625,33530.828125,1400380000,1,0
2023-04-26,33596.33984375,34257.828125,33235.8515625,33684.53125,1537370000,0,0
2023-05-03,33726.640625,33811.83984375,32937.5,33561.80859375,1367030000,0,0
2023-05-10,33707.19921875,33772.08984375,33006.19140625,33012.140625,1267450000,1,0
2023-05-17,33092.48046875,33652.8984375,33013.2890625,33055.51171875,1515860000,0,0
2023-05-24,33021.76171875,33162.05859375,32586.560546875,33042.78125,1263840000,1,0
2023-05-31,32948.7109375,33805.0,32704.509765625,33573.28125,2084280000,1,0
2023-06-07,33562.46875,34310.28125,33546.109375,34212.12109375,1495790000,0,0
2023-06-14,34044.69921875,34588.6796875,33783.55078125,34053.87109375,1646350000,0,0
2023-06-21,33990.55859375,34097.9296875,33610.3203125,33926.73828125,1537630000,1,0
2023-06-28,33881.37890625,34467.3515625,33755.921875,34418.46875,1056640000,0,0
2023-07-05,34344.71875,34376.109375,33705.6796875,34261.421875,1419280000,1,0
2023-07-12,34395.28125,34986.359375,34308.78125,34951.9296875,1637850000,1,0
2023-07-19,34991.2109375,35527.5703125,34991.2109375,35438.0703125,1755270000,1,0
2023-07-26,35345.98828125,35679.12890625,35216.578125,35630.6796875,1654370000,0,0
2023-08-02,35551.921875,35551.921875,35007.41015625,35314.48828125,1495810000,0,0
2023-08-09,35324.28125,35578.578125,34908.5,34946.390625,1545800000,0,0
2023-08-16,34914.9609375,35133.55859375,34248.4609375,34288.828125,1721530000,1,0
2023-08-23,34338.58984375,34864.421875,34029.21875,34852.671875,1447760000,0,0
2023-08-30,34847.80078125,35070.2109375,34635.62890625,34641.96875,1147880000,1,0
2023-09-06,34611.6796875,34852.609375,34291.55859375,34645.98828125,1600260000,0,0
2023-09-13,34667.28125,34977.96875,34311.69140625,34517.73046875,1718350000,0,0
2023-09-20,34575.5,34776.28125,33569.6015625,33618.87890625,1401890000,0,0
2023-09-27,33682.80859375,33893.6796875,32916.19921875,33002.37890625,1464850000,1,0
2023-10-04,33034.1796875,33898.21875,32846.94140625,33739.30078125,1381670000,1,0
2023-10-11,33822.19921875,34147.62890625,33455.6015625,33997.6484375,1403130000,0,0
2023-10-18,33960.25,33991.51171875,32892.19140625,33141.37890625,1616990000,0,0
2023-10-25,33203.53125,33267.91015625,32327.19921875,33052.87109375,1718130000,1,0
2023-11-01,33081.87109375,34206.98046875,33010.8515625,34152.6015625,1470280000,1,0
2023-11-08,34185.921875,34931.01171875,33859.76953125,34827.69921875,1481330000,1,0
2023-11-15,34906.71875,35227.48046875,34818.03125,35088.2890625,1720320000,1,0
2023-11-22,35189.328125,35518.671875,35155.80078125,35416.98046875,868880000,1,1
2023-11-29,35436.80078125,36264.8515625,35405.890625,36124.55859375,1695410000,1,0
2023-12-06,36183.73046875,36596.109375,36021.94921875,36577.94140625,1500960000,1,0
2023-12-13,36601.80078125,37562.828125,36523.58984375,37557.921875,2163630000,0,0
2023-12-20,37520.12890625,37641.30078125,37073.0390625,37545.328125,1021960000,1,0
2023-12-27,37518.62109375,37790.078125,37488.6015625,37715.0390625,1029930000,0,0
2024-01-03,37629.23046875,37716.41015625,37249.23828125,37525.16015625,1653770000,0,0
2024-01-10,37552.91015625,37825.26953125,37201.390625,37361.12109375,1236610000,1,0
2024-01-17,37281.859375,38109.19921875,37122.94921875,37905.44921875,1682820000,1,0
2024-01-24,37975.37109375,38497.390625,37795.7109375,38467.30859375,1765180000,1,0
2024-01-31,38426.78125,38783.62109375,38106.83984375,38521.359375,1753270000,0,0
2024-02-07,38613.890625,38927.078125,38039.859375,38272.75,1509100000,1,0
2024-02-14,38372.671875,38825.03125,38194.62109375,38563.80078125,1196650000,1,0
2024-02-21,38483.66015625,39282.28125,38338.578125,38972.41015625,1460840000,0,0
2024-02-28,38938.078125,39120.359375,38457.828125,38585.19140625,1903320000,1,0
